Workbook
Name ProjectRoot: 'Control Checks'!$XFD$1
Name Slicer_confidence_tier: #N/A
Name Slicer_confidence_tier1: #N/A
Name Slicer_match_status: #N/A

Sheet Transaction Detail
A1: bank_transaction_id | B1: ledger_id | C1: bank_date | D1: ledger_date | E1: bank_amount | F1: ledger_amount | G1: amount_difference | H1: date_difference_days | I1: bank_description | J1: ledger_description | K1: match_status | L1: match_reason | M1: confidence_score | N1: confidence_tier | O1: duplicate_flag | P1: duplicate_note
A2: 6e80ee9f-49b5-434f-8ab6-f192a2296e6c | B2: LED100001 | C2: 45104 | D2: 45104 | E2: 100 | F2: 100 | G2: 0 | H2: 0 | I2: GAS FILLING STATION | J2: GAS FILLING STATION | K2: Matched | L2: Exact amount + date + transaction type | M2: 95 | N2: High | O2: No | P2: No duplicate candidate
A3: a734aa85-4bf8-44c0-b508-305f554dc51e | B3: LED100002 | C3: 45105 | D3: 45105 | E3: 170 | F3: 170 | G3: 0 | H3: 0 | I3: GAS FILLING STATION | J3: GAS FILLING STATION | K3: Matched | L3: Exact amount + date + transaction type | M3: 95 | N3: High | O3: No | P3: No duplicate candidate
A4: dc44e071-399f-4ec2-b6ec-64f9e8a05a8a | B4: LED100003 | C4: 45133 | D4: 45133 | E4: 500 | F4: 500 | G4: 0 | H4: 0 | I4: GAS FILLING STATION | J4: GAS FILLING STATION | K4: Matched | L4: Exact amount + date + transaction type | M4: 95 | N4: High | O4: No | P4: No duplicate candidate
A5: 0adc1ed0-4809-462d-855c-84cda5593c80 | B5: LED100004 | C5: 45138 | D5: 45138 | E5: 15 | F5: 15 | G5: 0 | H5: 0 | I5: 5188810 | J5: 5188810 | K5: Matched | L5: Exact amount + date + transaction type | M5: 95 | N5: High | O5: No | P5: No duplicate candidate
A6: 1a018d91-db8a-416d-b49f-d03a84bc5c7b | B6: LED100005 | C6: 45145 | D6: 45145 | E6: 1000 | F6: 1000 | G6: 0 | H6: 0 | I6: ATM | J6: ATM WITHDRAWAL | K6: Matched | L6: Exact amount + date + transaction type | M6: 95 | N6: High | O6: No | P6: No duplicate candidate
A7: 33bd1687-6ab2-43c5-be5f-d150f412834c | B7: LED100006 | C7: 45160 | D7: 45160 | E7: 1 | F7: 1 | G7: 0 | H7: 0 | I7: UPI/3234 | J7: UPI PAYMENT/3234 | K7: Matched | L7: Exact amount + date + transaction type | M7: 95 | N7: High | O7: No | P7: No duplicate candidate
A8: b87c4941-ad5b-41b7-9cda-4956a05a042e | B8: LED100007 | C8: 45160 | D8: 45160 | E8: 3000 | F8: 3000 | G8: 0 | H8: 0 | I8: UPI/3234 | J8: UPI PAYMENT/3234 | K8: Matched | L8: Exact amount + date + transaction type | M8: 95 | N8: High | O8: No | P8: No duplicate candidate
A9: 8bba53c3-7a35-40d6-a38c-fc142c432455 | B9: LED100008 | C9: 45160 | D9: 45160 | E9: 300 | F9: 300 | G9: 0 | H9: 0 | I9: UPI/32345 | J9: UPI PAYMENT/32345 | K9: Matched | L9: Exact amount + date + transaction type | M9: 95 | N9: High | O9: No | P9: No duplicate candidate
A10: fd9c35d1-b32c-40f2-9e3e-0ddfe1d24cad | B10: LED100009 | C10: 45161 | D10: 45161 | E10: 1200 | F10: 1200 | G10: 0 | H10: 0 | I10: UPI/3235 | J10: UPI PAYMENT/3235 | K10: Matched | L10: Exact amount + date + transaction type | M10: 95 | N10: High | O10: No | P10: No duplicate candidate
A11: d2407a2c-15f3-46c2-b658-f9b66de3b6fd | B11: LED100010 | C11: 45161 | D11: 45161 | E11: 400 | F11: 400 | G11: 0 | H11: 0 | I11: UPI/ent | J11: UPI PAYMENT/ENT | K11: Matched | L11: Exact amount + date + transaction type | M11: 95 | N11: High | O11: No | P11: No duplicate candidate
A12: b347d492-3798-4af9-b684-b136ecc2163e | B12: LED100011 | C12: 45162 | D12: 45162 | E12: 500 | F12: 500 | G12: 0 | H12: 0 | I12: UPI/3236 | J12: UPI PAYMENT/3236 | K12: Matched | L12: Exact amount + date + transaction type | M12: 95 | N12: High | O12: No | P12: No duplicate candidate
A13: 2502b83f-52a0-459a-acc2-058856a6025f | B13: LED100012 | C13: 45162 | D13: 45162 | E13: 300 | F13: 300 | G13: 0 | H13: 0 | I13: UPI/3236 | J13: UPI PAYMENT/3236 | K13: Matched | L13: Exact amount + date + transaction type | M13: 95 | N13: High | O13: No | P13: No duplicate candidate
... A43: d2987357-92f2-4c9e-99a6-7692e931be22 | B43: LED100042 | C43: 45167 | D43: 45167 | E43: 600 | F43: 600 | G43: 0 | H43: 0 | I43: IMPS | J43: IMPS PAYMENT | K43: Matched | L43: Exact amount + date + transaction type | M43: 95 | N43: High | O43: No | P43: No duplicate candidate
A44: c2aa2280-77b1-4f14-a157-de477ec6b924 | C44: 45167 | E44: 100 | I44: UPI/3241 | K44: Unmatched Bank Transaction | L44: No suitable ledger transaction found | M44: 0 | N44: Low | O44: No | P44: No duplicate candidate
A45: ad797524-235c-4edb-b939-47647c17558c | B45: LED100044 | C45: 45168 | D45: 45168 | E45: 15 | F45: 15 | G45: 0 | H45: 0 | I45: UPI/JIOINAPPDIRECT/ | J45: UPI PAYMENT/JIOINAPPDIRECT/ | K45: Matched | L45: Exact amount + date + transaction type | M45: 95 | N45: High | O45: No | P45: No duplicate candidate
A46: 0494c9e3-ee71-4d31-b923-e723a1df44c3 | B46: LED100045 | C46: 45168 | D46: 45168 | E46: 600 | F46: 600 | G46: 0 | H46: 0 | I46: IMPS | J46: IMPS PAYMENT | K46: Matched | L46: Exact amount + date + transaction type | M46: 95 | N46: High | O46: No | P46: No duplicate candidate
A47: 3fd5bdaf-a0ec-4108-8f31-b39d54ba740d | B47: LED100046 | C47: 45168 | D47: 45168 | E47: 170 | F47: 170 | G47: 0 | H47: 0 | I47: IMPS | J47: IMPS PAYMENT | K47: Matched | L47: Exact amount + date + transaction type | M47: 95 | N47: High | O47: No | P47: No duplicate candidate
A48: 6ad58ee6-705a-4a71-8e43-c7ed1e88088f | B48: LED100047 | C48: 45169 | D48: 45169 | E48: 350 | F48: 350 | G48: 0 | H48: 0 | I48: NEFT | J48: NEFT PAYMENT | K48: Matched | L48: Exact reference + amount + date + type | M48: 100 | N48: High | O48: No | P48: No duplicate candidate
A49: c722d3c1-53df-4e6d-bc90-f14dbb97376b | B49: LED100048 | C49: 45169 | D49: 45169 | E49: 750 | F49: 750 | G49: 0 | H49: 0 | I49: IMPS | J49: IMPS PAYMENT | K49: Matched | L49: Exact amount + date + transaction type | M49: 95 | N49: High | O49: No | P49: No duplicate candidate
A50: c75c6d29-5934-42c3-bbda-dfc773f0100a | B50: LED100049 | C50: 45169 | D50: 45169 | E50: 1200 | F50: 1200 | G50: 0 | H50: 0 | I50: UPI/PAYTMNA | J50: UPI PAYMENT/PAYTMNA | K50: Matched | L50: Exact amount + date + transaction type | M50: 95 | N50: High | O50: No | P50: No duplicate candidate
A51: 794a682b-5b7a-4444-bd6a-5a3db9f9f1a3 | B51: LED100050 | C51: 45169 | D51: 45169 | E51: 200 | F51: 200 | G51: 0 | H51: 0 | I51: UPI/3609 | J51: UPI PAYMENT/3609 | K51: Matched | L51: Exact amount + date + transaction type | M51: 95 | N51: High | O51: No | P51: No duplicate candidate
A52: 7a6487f4-2008-4358-a761-2bd30994ae38 | B52: LED100051 | C52: 45169 | D52: 45169 | E52: 50 | F52: 50 | G52: 0 | H52: 0 | I52: UPI/3609 | J52: UPI PAYMENT/3609 | K52: Matched | L52: Exact amount + date + transaction type | M52: 95 | N52: High | O52: No | P52: No duplicate candidate
A53: 7a9c2faa-5032-42bb-9987-38cf36e1335b | B53: LED100052 | C53: 45170 | D53: 45170 | E53: 3500 | F53: 3500 | G53: 0 | H53: 0 | I53: UPI/32445 | J53: UPI PAYMENT/32445 | K53: Matched | L53: Exact amount + date + transaction type | M53: 95 | N53: High | O53: No | P53: No duplicate candidate
A54: 5ccc1be2-fbfb-4f60-9a87-17ee0b25c621 | B54: LED100053 | C54: 45172 | D54: 45172 | E54: 34 | F54: 34 | G54: 0 | H54: 0 | I54: UPI/3612 | J54: UPI PAYMENT/3612 | K54: Matched | L54: Exact amount + date + transaction type | M54: 95 | N54: High | O54: No | P54: No duplicate candidate
A55: 8a98421e-6026-4147-a99b-1335649ebb75 | B55: LED100054 | C55: 45173 | D55: 45173 | E55: 460 | F55: 460 | G55: 0 | H55: 0 | I55: UPI/32479 | J55: UPI PAYMENT/32479 | K55: Matched | L55: Exact amount + date + transaction type | M55: 95 | N55: High | O55: No | P55: No duplicate candidate
A56: b0bfec92-0fee-4c83-aa63-ec56255fa8ca | B56: LED100055 | C56: 45173 | D56: 45173 | E56: 200 | F56: 200 | G56: 0 | H56: 0 | I56: UPI/3613 | J56: UPI PAYMENT/3613 | K56: Matched | L56: Exact amount + date + transaction type | M56: 95 | N56: High | O56: No | P56: No duplicate candidate
... A158: 39cad768-4f42-4879-9fa4-12f7d5f75fea | B158: LED100157 | C158: 45205 | D158: 45205 | E158: 10 | F158: 10 | G158: 0 | H158: 0 | I158: UPI/36454 | J158: UPI PAYMENT/36454 | K158: Matched | L158: Exact amount + date + transaction type | M158: 95 | N158: High | O158: No | P158: No duplicate candidate
A159: 8af09e5a-a98a-4a0a-9648-64d457d85070 | C159: 45205 | E159: 700 | I159: UPI/3645 | K159: Unmatched Bank Transaction | L159: No suitable ledger transaction found | M159: 0 | N159: Low | O159: No | P159: No duplicate candidate
A160: 979fab68-939e-4b78-8f89-09c0dbb46472 | B160: LED100159 | C160: 45205 | D160: 45205 | E160: 220 | F160: 220 | G160: 0 | H160: 0 | I160: UPI/BHARATPE | J160: UPI PAYMENT/BHARATPE | K160: Matched | L160: Exact amount + date + transaction type | M160: 95 | N160: High | O160: No | P160: No duplicate candidate
A161: e30a976a-ef08-44a4-88c2-9105178a4999 | B161: LED100160 | C161: 45205 | D161: 45205 | E161: 220 | F161: 220 | G161: 0 | H161: 0 | I161: UPI/3279 | J161: UPI PAYMENT/3279 | K161: Matched | L161: Exact amount + date + transaction type | M161: 95 | N161: High | O161: No | P161: No duplicate candidate
A162: 9f694e56-84bb-4322-86d1-048ed5d7b7b0 | B162: LED100161 | C162: 45205 | D162: 45205 | E162: 30 | F162: 30 | G162: 0 | H162: 0 | I162: UPI/36458 | J162: UPI PAYMENT/36458 | K162: Matched | L162: Exact amount + date + transaction type | M162: 95 | N162: High | O162: No | P162: No duplicate candidate
A163: d59218dd-56a8-4c04-b1b4-ac13349f5d81 | B163: LED100162 | C163: 45206 | D163: 45206 | E163: 2330 | F163: 2330 | G163: 0 | H163: 0 | I163: NEFT | J163: NEFT PAYMENT | K163: Matched | L163: Exact reference + amount + date + type | M163: 100 | N163: High | O163: No | P163: No duplicate candidate
A164: 0cc87859-f3c0-4c5c-b51a-bfdd20a1433b | B164: LED100163 | C164: 45206 | D164: 45206 | E164: 19 | F164: 19 | G164: 0 | H164: 0 | I164: UPI/GPAYBILLREACHARGE | J164: UPI PAYMENT/GPAYBILLREACHARGE | K164: Matched | L164: Exact amount + date + transaction type | M164: 95 | N164: High | O164: No | P164: No duplicate candidate
A165: d8aaf10a-4bd0-4389-812e-1b1588d811a4 | B165: LED100164 | C165: 45206 | D165: 45206 | E165: 2000 | F165: 2000 | G165: 0 | H165: 0 | I165: UPI/BHARATPE | J165: UPI PAYMENT/BHARATPE | K165: Matched | L165: Exact amount + date + transaction type | M165: 95 | N165: High | O165: No | P165: No duplicate candidate
A166: 50052b56-dc7d-48e4-a9c6-3875ab1497d0 | B166: LED100165 | C166: 45206 | D166: 45206 | E166: 20 | F166: 20 | G166: 0 | H166: 0 | I166: UPI/36462 | J166: UPI PAYMENT/36462 | K166: Matched | L166: Exact amount + date + transaction type | M166: 95 | N166: High | O166: No | P166: No duplicate candidate
A167: 1bd129a3-31f0-4a9c-b646-532f3decb10a | B167: LED100166 | C167: 45206 | D167: 45206 | E167: 330 | F167: 330 | G167: 0 | H167: 0 | I167: UPI/32802 | J167: UPI PAYMENT/32802 | K167: Matched | L167: Exact amount + date + transaction type | M167: 95 | N167: High | O167: No | P167: No duplicate candidate
A168: 1ae3ff28-9cdb-461b-921e-5137cbb992b8 | B168: LED100167 | C168: 45207 | D168: 45207 | E168: 1900 | F168: 1900 | G168: 0 | H168: 0 | I168: UPI/3647 | J168: UPI PAYMENT/3647 | K168: Matched | L168: Exact amount + date + transaction type | M168: 95 | N168: High | O168: No | P168: No duplicate candidate
A169: 7c549684-4fc8-4b23-a781-d8f878d8ce29 | B169: LED100168 | C169: 45207 | D169: 45207 | E169: 100 | F169: 100 | G169: 0 | H169: 0 | I169: UPI/BHARATPE | J169: UPI PAYMENT/BHARATPE | K169: Matched | L169: Exact amount + date + transaction type | M169: 95 | N169: High | O169: No | P169: No duplicate candidate
A170: c59fa33b-8458-44ce-be05-d5944e2325c6 | B170: LED100169 | C170: 45208 | D170: 45208 | E170: 100 | F170: 100 | G170: 0 | H170: 0 | I170: NEFT | J170: NEFT PAYMENT | K170: Matched | L170: Exact reference + amount + date + type | M170: 100 | N170: High | O170: No | P170: No duplicate candidate
A171: b7b95690-4180-4dcc-90ae-b34aad750bbc | B171: LED100170 | C171: 45208 | D171: 45208 | E171: 2000 | F171: 2000 | G171: 0 | H171: 0 | I171: UPI/36486 | J171: UPI PAYMENT/36486 | K171: Matched | L171: Exact amount + date + transaction type | M171: 95 | N171: High | O171: No | P171: No duplicate candidate
... A224: 3bc9eb42-0bb0-4e3a-b035-b49f0a058b82 | B224: LED100223 | C224: 45227 | D224: 45227 | E224: 239 | F224: 239 | G224: 0 | H224: 0 | I224: UPI/EURONETGPAY | J224: UPI PAYMENT/EURONETGPAY | K224: Matched | L224: Exact amount + date + transaction type | M224: 95 | N224: High | O224: No | P224: No duplicate candidate
A225: 7169dcf4-e9d8-4d10-910c-f39b4c1f93ae | C225: 45227 | E225: 400 | I225: UPI/PAYTM | K225: Unmatched Bank Transaction | L225: No suitable ledger transaction found | M225: 0 | N225: Low | O225: No | P225: No duplicate candidate
A226: 1c3be831-b1a6-4243-b2a7-da4c2fb6f345 | B226: LED100225 | C226: 45227 | D226: 45227 | E226: 310 | F226: 310 | G226: 0 | H226: 0 | I226: UPI/PAYTM | J226: UPI PAYMENT/PAYTM | K226: Matched | L226: Exact amount + date + transaction type | M226: 95 | N226: High | O226: No | P226: No duplicate candidate
A227: 8b0ce824-2823-4351-b7a4-5289a71f8458 | B227: LED100226 | C227: 45227 | D227: 45227 | E227: 215 | F227: 215 | G227: 0 | H227: 0 | I227: UPI/36671 | J227: UPI PAYMENT/36671 | K227: Matched | L227: Exact amount + date + transaction type | M227: 95 | N227: High | O227: No | P227: No duplicate candidate
A228: 0f0c4711-5d8c-46be-b8fd-f097ec067ca2 | B228: LED100227 | C228: 45229 | D228: 45229 | E228: 2 | F228: 2 | G228: 0 | H228: 0 | I228: NEFT | J228: NEFT PAYMENT | K228: Matched | L228: Exact reference + amount + date + type | M228: 100 | N228: High | O228: No | P228: No duplicate candidate
A229: 8f29ee5f-6d09-4ffe-8b32-65a507519289 | B229: LED100228 | C229: 45229 | D229: 45229 | E229: 22 | F229: 22 | G229: 0 | H229: 0 | I229: UPI/33035 | J229: UPI PAYMENT/33035 | K229: Matched | L229: Exact amount + date + transaction type | M229: 95 | N229: High | O229: No | P229: No duplicate candidate
A230: f7a0a036-2ce3-4a7c-951d-2b6b9719b849 | B230: LED100229 | C230: 45229 | D230: 45229 | E230: 200 | F230: 200 | G230: 0 | H230: 0 | I230: UPI/3303 | J230: UPI PAYMENT/3303 | K230: Matched | L230: Exact amount + date + transaction type | M230: 95 | N230: High | O230: No | P230: No duplicate candidate
A231: 1f52f45a-34af-4630-af73-0994db93492c | B231: LED100230 | C231: 45229 | D231: 45229 | E231: 200 | F231: 200 | G231: 0 | H231: 0 | I231: UPI/BHARATPE | J231: UPI PAYMENT/BHARATPE | K231: Matched | L231: Exact amount + date + transaction type | M231: 95 | N231: High | O231: No | P231: No duplicate candidate
A232: bca2495e-7cce-432f-bdda-471b907ec613 | B232: LED100231 | C232: 45230 | D232: 45230 | E232: 30 | F232: 30 | G232: 0 | H232: 0 | I232: UPI/BHARATPE | J232: UPI PAYMENT/BHARATPE | K232: Matched | L232: Exact amount + date + transaction type | M232: 95 | N232: High | O232: No | P232: No duplicate candidate
A233: de44cd2d-0a16-4dbf-807a-b47d70c3c694 | B233: LED100232 | C233: 45231 | D233: 45231 | E233: 145 | F233: 145 | G233: 0 | H233: 0 | I233: UPI/36716 | J233: UPI PAYMENT/36716 | K233: Matched | L233: Exact amount + date + transaction type | M233: 95 | N233: High | O233: No | P233: No duplicate candidate
A234: 6fa60611-61be-4564-a3c8-b47e98c91994 | B234: LED100233 | C234: 45232 | D234: 45232 | E234: 280 | F234: 280 | G234: 0 | H234: 0 | I234: NEFT | J234: NEFT PAYMENT | K234: Matched | L234: Exact reference + amount + date + type | M234: 100 | N234: High | O234: No | P234: No duplicate candidate
A235: db47a064-9201-49ba-97b2-6bf457a6941b | B235: LED100234 | C235: 45232 | D235: 45232 | E235: 500 | F235: 500 | G235: 0 | H235: 0 | I235: UPI/33061 | J235: UPI PAYMENT/33061 | K235: Matched | L235: Exact amount + date + transaction type | M235: 95 | N235: High | O235: No | P235: No duplicate candidate
A236: c37b3623-e44d-418f-91bc-8816abd60877 | B236: LED100235 | C236: 45232 | D236: 45232 | E236: 10 | F236: 10 | G236: 0 | H236: 0 | I236: UPI/33060 | J236: UPI PAYMENT/33060 | K236: Matched | L236: Exact amount + date + transaction type | M236: 95 | N236: High | O236: No | P236: No duplicate candidate
A237: faab3b7e-102d-4fdf-95c3-9fbf354d8fa2 | B237: LED100236 | C237: 45232 | D237: 45232 | E237: 150 | F237: 150 | G237: 0 | H237: 0 | I237: UPI/PAYTMwp | J237: UPI PAYMENT/PAYTMWP | K237: Matched | L237: Exact amount + date + transaction type | M237: 95 | N237: High | O237: No | P237: No duplicate candidate
... A290: 3b63ef24-de3c-49db-a7b4-c3eb758795b7 | B290: LED100289 | C290: 45246 | D290: 45246 | E290: 1320 | F290: 1320 | G290: 0 | H290: 0 | I290: NEFT | J290: NEFT PAYMENT | K290: Matched | L290: Exact reference + amount + date + type | M290: 100 | N290: High | O290: No | P290: No duplicate candidate
A291: bc58e33b-28f7-43fb-ab50-0dfddf2bf456 | B291: LED100290 | C291: 45246 | D291: 45246 | E291: 400 | F291: 400 | G291: 0 | H291: 0 | K291: Matched | L291: Exact amount + date + transaction type | M291: 95 | N291: High | O291: No | P291: No duplicate candidate
A292: 30cd1f8b-6261-43db-b452-515447228351 | B292: LED100291 | C292: 45246 | D292: 45246 | E292: 1000 | F292: 1000 | G292: 0 | H292: 0 | I292: UPI/33200 | J292: UPI PAYMENT/33200 | K292: Matched | L292: Exact amount + date + transaction type | M292: 95 | N292: High | O292: No | P292: No duplicate candidate
A293: 68f475c3-2160-4a3f-b897-06632242aa0c | B293: LED100292 | C293: 45246 | D293: 45246 | E293: 45000 | F293: 45000 | G293: 0 | H293: 0 | I293: BY CASH | J293: BY CASH TRANSACTION | K293: Matched | L293: Exact amount + date + transaction type | M293: 95 | N293: High | O293: No | P293: No duplicate candidate
A294: f7c87c2d-5431-46df-89b7-25ce913627cc | B294: LED100293 | C294: 45247 | D294: 45247 | E294: 270 | F294: 270 | G294: 0 | H294: 0 | I294: NEFT | J294: NEFT PAYMENT | K294: Matched | L294: Exact reference + amount + date + type | M294: 100 | N294: High | O294: No | P294: No duplicate candidate
A295: 1f3bd603-8abe-4e04-9c9b-1361e37f52ad | B295: LED100294 | C295: 45247 | D295: 45247 | E295: 50 | F295: 50 | G295: 0 | H295: 0 | I295: UPI/PAYTMwp | J295: UPI PAYMENT/PAYTMWP | K295: Matched | L295: Exact amount + date + transaction type | M295: 95 | N295: High | O295: No | P295: No duplicate candidate
A296: 7d42455e-56a4-4198-8945-86451a4b337e | B296: LED100295 | C296: 45247 | D296: 45247 | E296: 2000 | F296: 2000 | G296: 0 | H296: 0 | I296: UPI/36879 | J296: UPI PAYMENT/36879 | K296: Matched | L296: Exact amount + date + transaction type | M296: 95 | N296: High | O296: No | P296: No duplicate candidate
A297: a90254ac-1868-4bca-ac10-61964ac95367 | B297: LED100296 | C297: 45247 | D297: 45247 | E297: 21000 | F297: 21000 | G297: 0 | H297: 0 | I297: UPI/FASHIONEAZY | J297: UPI PAYMENT/FASHIONEAZY | K297: Matched | L297: Exact amount + date + transaction type | M297: 95 | N297: High | O297: No | P297: No duplicate candidate
A298: 9e5ed584-6d6c-411a-9554-d1bb99972aa1 | B298: LED100297 | C298: 45247 | D298: 45247 | E298: 5200 | F298: 5200 | G298: 0 | H298: 0 | I298: UPI/36871 | J298: UPI PAYMENT/36871 | K298: Matched | L298: Exact amount + date + transaction type | M298: 95 | N298: High | O298: No | P298: No duplicate candidate
A299: d1af2bf6-4719-48f1-b8f1-c8bfe9352db6 | B299: LED100298 | C299: 45248 | D299: 45248 | E299: 130 | F299: 130 | G299: 0 | H299: 0 | I299: UPI/PAYTMwp | J299: UPI PAYMENT/PAYTMWP | K299: Matched | L299: Exact amount + date + transaction type | M299: 95 | N299: High | O299: No | P299: No duplicate candidate
A300: 632b5bf8-f914-4f72-aa64-bb969d0fe81f | B300: LED100299 | C300: 45248 | D300: 45248 | E300: 300 | F300: 300 | G300: 0 | H300: 0 | I300: UPI/36881 | J300: UPI PAYMENT/36881 | K300: Matched | L300: Exact amount + date + transaction type | M300: 95 | N300: High | O300: No | P300: No duplicate candidate
A301: f7df2e6a-503d-4549-874c-48105ad17f2f | B301: LED100300 | C301: 45249 | D301: 45249 | E301: 600 | F301: 600 | G301: 0 | H301: 0 | I301: NEFT | J301: NEFT PAYMENT | K301: Matched | L301: Exact reference + amount + date + type | M301: 100 | N301: High | O301: No | P301: No duplicate candidate
A302: 8b12d93f-d4f5-44c5-af6a-0fe30065dfe0 | B302: LED100301 | C302: 45249 | D302: 45249 | E302: 1 | F302: 1 | G302: 0 | H302: 0 | I302: UPI/PAYTMUP | J302: UPI PAYMENT/PAYTMUP | K302: Matched | L302: Exact amount + date + transaction type | M302: 95 | N302: High | O302: No | P302: No duplicate candidate
A303: 505c9f34-fa46-4e80-8a63-ac7028b4d457 | B303: LED100302 | C303: 45249 | D303: 45249 | E303: 499 | F303: 499 | G303: 0 | H303: 0 | I303: UPI/PAYTMNA | J303: UPI PAYMENT/PAYTMNA | K303: Matched | L303: Exact amount + date + transaction type | M303: 95 | N303: High | O303: No | P303: No duplicate candidate
... A348: 67290c96-fe8b-44b2-9ab3-4c4b3b046cb7 | B348: LED100347 | C348: 45263 | D348: 45263 | E348: 1450 | F348: 1450 | G348: 0 | H348: 0 | I348: NEFT | J348: NEFT PAYMENT | K348: Matched | L348: Exact reference + amount + date + type | M348: 100 | N348: High | O348: No | P348: No duplicate candidate
A349: 942d6886-8012-4678-93a2-b100cbd039f5 | C349: 45263 | E349: 1000 | I349: UPI/3703 | K349: Unmatched Bank Transaction | L349: No suitable ledger transaction found | M349: 0 | N349: Low | O349: No | P349: No duplicate candidate
A350: 048a160c-23ad-481e-a0ff-578c6fa5691a | B350: LED100349 | C350: 45264 | D350: 45264 | E350: 900 | F350: 900 | G350: 0 | H350: 0 | I350: NEFT | J350: NEFT PAYMENT | K350: Matched | L350: Exact reference + amount + date + type | M350: 100 | N350: High | O350: No | P350: No duplicate candidate
A351: 7e563d6a-9bd2-4e92-98d6-d1d5198fcd77 | B351: LED100350 | C351: 45264 | D351: 45264 | E351: 239 | F351: 239 | G351: 0 | H351: 0 | I351: UPI/BILLDESKRECHARGE | J351: UPI PAYMENT/BILLDESKRECHARGE | K351: Matched | L351: Exact amount + date + transaction type | M351: 95 | N351: High | O351: No | P351: No duplicate candidate
A352: 9cffe60a-004d-4301-be5d-65fec77679d4 | B352: LED100351 | C352: 45264 | D352: 45264 | E352: 1550 | F352: 1550 | G352: 0 | H352: 0 | I352: UPI/37044 | J352: UPI PAYMENT/37044 | K352: Matched | L352: Exact amount + date + transaction type | M352: 95 | N352: High | O352: No | P352: No duplicate candidate
A353: 235cd63f-42dc-4c6c-937d-5edceea0515a | B353: LED100352 | C353: 45265 | D353: 45265 | E353: 7560 | F353: 7560 | G353: 0 | H353: 0 | I353: NEFT | J353: NEFT PAYMENT | K353: Matched | L353: Exact reference + amount + date + type | M353: 100 | N353: High | O353: No | P353: No duplicate candidate
A354: fbcbe993-694a-41b5-af91-b8849e09696d | B354: LED100353 | C354: 45265 | D354: 45265 | E354: 60 | F354: 61.2 | G354: 1.2 | H354: 0 | I354: UPI/PAYTM | J354: UPI PAYMENT/PAYTM | K354: Amount Mismatch | L354: Description similarity 100% but amount differs by ₹1.20 | M354: 80 | N354: Medium | O354: No | P354: No duplicate candidate
A355: 069c0e2e-c49f-4381-b345-9fa78ad7005f | B355: LED100354 | C355: 45265 | D355: 45265 | E355: 13000 | F355: 13000 | G355: 0 | H355: 0 | I355: UPI/BHARATPE | J355: UPI PAYMENT/BHARATPE | K355: Matched | L355: Exact amount + date + transaction type | M355: 95 | N355: High | O355: No | P355: No duplicate candidate
A356: 9407b42d-53e7-482b-a58e-bace37332a4a | B356: LED100355 | C356: 45265 | D356: 45265 | E356: 200 | F356: 200 | G356: 0 | H356: 0 | I356: UPI/33395 | J356: UPI PAYMENT/33395 | K356: Matched | L356: Exact amount + date + transaction type | M356: 95 | N356: High | O356: No | P356: No duplicate candidate
A357: 8c80c555-956d-49d3-99f6-b69bf42fa411 | B357: LED100356 | C357: 45266 | D357: 45266 | E357: 138 | F357: 138 | G357: 0 | H357: 0 | I357: UPI/37063 | J357: UPI PAYMENT/37063 | K357: Matched | L357: Exact amount + date + transaction type | M357: 95 | N357: High | O357: No | P357: No duplicate candidate
A358: 4840038d-9187-4690-9906-5e43c57e89e3 | B358: LED100357 | C358: 45267 | D358: 45267 | E358: 150 | F358: 150 | G358: 0 | H358: 0 | I358: UPI/3707 | J358: UPI PAYMENT/3707 | K358: Matched | L358: Exact amount + date + transaction type | M358: 95 | N358: High | O358: No | P358: No duplicate candidate
A359: 6d952ab3-15ac-4eb6-8b62-a0359ab885b6 | B359: LED100358 | C359: 45267 | D359: 45267 | E359: 18 | F359: 18 | G359: 0 | H359: 0 | I359: UPI/33416 | J359: UPI PAYMENT/33416 | K359: Matched | L359: Exact amount + date + transaction type | M359: 95 | N359: High | O359: No | P359: No duplicate candidate
A360: c1bafebb-16c3-4b5f-a04f-84120657b604 | B360: LED100359 | C360: 45267 | D360: 45268 | E360: 70 | F360: 70 | G360: 0 | H360: 1 | I360: UPI/37071 | J360: UPI PAYMENT/37071 | K360: Timing Difference | L360: Amount + type match, date difference 1 day(s), description similarity 100% | M360: 80 | N360: Medium | O360: No | P360: No duplicate candidate
A361: f440e241-295e-4d32-a083-38ba7ef51113 | B361: LED100360 | C361: 45268 | D361: 45268 | E361: 1630 | F361: 1630 | G361: 0 | H361: 0 | I361: NEFT | J361: NEFT PAYMENT | K361: Matched | L361: Exact reference + amount + date + type | M361: 100 | N361: High | O361: No | P361: No duplicate candidate
... A398: e24aee89-6149-4ac9-89eb-76eb8503c08d | B398: LED100397 | C398: 45281 | D398: 45281 | E398: 1176 | F398: 1175.51 | G398: 0 | H398: 0 | I398: NEFT | J398: NEFT PAYMENT | K398: Matched | L398: Exact reference + amount + date + type | M398: 100 | N398: High | O398: No | P398: No duplicate candidate
A399: d06f3238-931b-4299-87a6-0fed0b5c1ce1 | B399: LED100398 | C399: 45281 | D399: 45281 | E399: 300 | F399: 300 | G399: 0 | H399: 0 | K399: Matched | L399: Exact amount + date + transaction type | M399: 95 | N399: High | O399: No | P399: No duplicate candidate
A400: 1dca6210-82bd-4786-888d-eab1f5510d35 | B400: LED100399 | C400: 45281 | D400: 45281 | E400: 500 | F400: 490 | G400: -10 | H400: 0 | I400: UPI/37210 | J400: UPI PAYMENT/37210 | K400: Amount Mismatch | L400: Description similarity 100% but amount differs by ₹10.00 | M400: 80 | N400: Medium | O400: No | P400: No duplicate candidate
A401: a4ed9eb6-61da-4cf5-ae2b-c82f01d92ae5 | B401: LED100400 | C401: 45282 | D401: 45282 | E401: 2440 | F401: 2440 | G401: 0 | H401: 0 | I401: NEFT | J401: NEFT PAYMENT | K401: Matched | L401: Exact reference + amount + date + type | M401: 100 | N401: High | O401: No | P401: No duplicate candidate
A402: ad3456cf-708e-42c3-a4ab-0e1b010b78ba | B402: LED100401 | C402: 45282 | D402: 45282 | E402: 30 | F402: 30 | G402: 0 | H402: 0 | I402: UPI/37227 | J402: UPI PAYMENT/37227 | K402: Matched | L402: Exact amount + date + transaction type | M402: 95 | N402: High | O402: No | P402: No duplicate candidate
A403: f8d5c5ec-f06b-4077-ab4a-d9654f079fdd | B403: LED100402 | C403: 45282 | D403: 45282 | E403: 25 | F403: 25 | G403: 0 | H403: 0 | I403: UPI/37226 | J403: UPI PAYMENT/37226 | K403: Matched | L403: Exact amount + date + transaction type | M403: 95 | N403: High | O403: No | P403: No duplicate candidate
A404: bb67ffaf-673e-4001-88a8-3fe5525e8547 | B404: LED100403 | C404: 45283 | D404: 45283 | E404: 2730 | F404: 2730 | G404: 0 | H404: 0 | I404: NEFT | J404: NEFT PAYMENT | K404: Matched | L404: Exact amount + date + transaction type | M404: 95 | N404: High | O404: No | P404: No duplicate candidate
A405: 78842830-5518-49e4-98d7-1d18237b8900 | B405: LED100404 | C405: 45283 | D405: 45284 | E405: 241 | F405: 240.9 | G405: 0 | H405: 1 | I405: UPI/EURONETGPAY | J405: UPI PAYMENT/EURONETGPAY | K405: Timing Difference | L405: Amount + type match, date difference 1 day(s), description similarity 100% | M405: 80 | N405: Medium | O405: No | P405: No duplicate candidate
A406: 1379293d-e6de-490d-a4c8-c8ccbc222f55 | B406: LED100405 | C406: 45283 | D406: 45283 | E406: 15 | F406: 15 | G406: 0 | H406: 0 | I406: UPI/GPAYBILLREACHARGE | J406: UPI PAYMENT/GPAYBILLREACHARGE | K406: Matched | L406: Exact amount + date + transaction type | M406: 95 | N406: High | O406: No | P406: No duplicate candidate
A407: c4c402ee-91b0-4c1b-b343-cd5d4b6ad4b4 | B407: LED100406 | C407: 45284 | D407: 45284 | E407: 800 | F407: 800 | G407: 0 | H407: 0 | I407: NEFT | J407: NEFT PAYMENT | K407: Matched | L407: Exact reference + amount + date + type | M407: 100 | N407: High | O407: No | P407: No duplicate candidate
A408: 11492697-fa31-47ab-a78d-cc61497d4aa5 | B408: LED100407 | C408: 45284 | D408: 45284 | E408: 55 | F408: 55 | G408: 0 | H408: 0 | I408: UPI/37249 | J408: UPI PAYMENT/37249 | K408: Matched | L408: Exact amount + date + transaction type | M408: 95 | N408: High | O408: No | P408: No duplicate candidate
A409: 66741393-18f7-4753-9623-6b0e092077eb | B409: LED100408 | C409: 45284 | D409: 45284 | E409: 3000 | F409: 3000 | G409: 0 | H409: 0 | I409: UPI/33584 | J409: UPI PAYMENT/33584 | K409: Matched | L409: Exact amount + date + transaction type | M409: 95 | N409: High | O409: No | P409: No duplicate candidate
A410: 5028b245-0d4b-4efc-afb5-167c28362579 | B410: LED100409 | C410: 45284 | D410: 45284 | E410: 500 | F410: 500 | G410: 0 | H410: 0 | I410: UPI/33586 | J410: UPI PAYMENT/33586 | K410: Potential Match | L410: Amount + type match with description similarity 100% | M410: 85 | N410: Medium | O410: No | P410: No duplicate candidate
A411: 852f4b65-53cf-40b6-96c7-d6fd5175cbae | B411: LED100410 | C411: 45284 | D411: 45284 | E411: 500 | F411: 500 | G411: 0 | H411: 0 | I411: UPI/37240 | J411: UPI PAYMENT/37240 | K411: Matched | L411: Exact amount + date + transaction type | M411: 95 | N411: High | O411: No | P411: No duplicate candidate
... A427: 62254c56-0884-4f06-bf06-2bc1264348b3 | B427: LED100426 | C427: 45289 | D427: 45289 | E427: 550 | F427: 550 | G427: 0 | H427: 0 | I427: NEFT | J427: NEFT PAYMENT | K427: Matched | L427: Exact reference + amount + date + type | M427: 100 | N427: High | O427: No | P427: No duplicate candidate
A428: 237a72cd-64e9-4ae3-92a1-c7eba58fa216 | C428: 45289 | E428: 10 | I428: UPI/3729 | K428: Unmatched Bank Transaction | L428: No suitable ledger transaction found | M428: 0 | N428: Low | O428: No | P428: No duplicate candidate
A429: 62202a0c-8ad2-4b14-ac71-f60b6d75f61e | B429: LED100428 | C429: 45290 | D429: 45290 | E429: 500 | F429: 500 | G429: 0 | H429: 0 | I429: UPI/33647 | J429: UPI PAYMENT/33647 | K429: Matched | L429: Exact amount + date + transaction type | M429: 95 | N429: High | O429: No | P429: No duplicate candidate
...

Sheet Executive Summary
B2: AUTOMATED BANK RECONCILIATION — MIS DASHBOARD | AA2: Row Labels | AB2: Count of match_status
B3: Reconciliation Monitoring & Exception Management | AA3: Amount Mismatch | AB3: 33
AA4: Duplicate Candidate | AB4: 7
B5: TOTAL BANK TRANSACTIONS | F5: TOTAL LEDGER TRANSACTIONS | J5: MATCHED TRANSACTIONS | AA5: Matched | AB5: 851
B6: {=COUNTA(_xlfn.UNIQUE(_xlfn._xlws.FILTER('Transaction Detail'!A2:A1000,'Transaction Detail'!A2:A1000<>"")))} -> 985 | F6: {=COUNTA(_xlfn.UNIQUE(_xlfn._xlws.FILTER('Transaction Detail'!B2:B1000,'Transaction Detail'!B2:B1000<>"")))} -> 985 | J6: =COUNTIF('Transaction Detail'!K2:K1000,"Matched") -> 851 | AA6: Potential Match | AB6: 65
AA7: Timing Difference | AB7: 28
AA8: Unmatched Bank Transaction | AB8: 8
B9: STRICT RECONCILIATION RATE | F9: EXCEPTION RECORDS | J9: CLASSIFIED / RESOLVED RATE | AA9: Unmatched Ledger Transaction | AB9: 1
B10: {=COUNTIF('Transaction Detail'!K2:K1000,"Matched")/COUNTA(_xlfn.UNIQUE(_xlfn._xlws.FILTER('Transaction Detail'!A2:A1000,'Transaction Detail'!A2:A1000<>"")))} -> 0.86395939 | F10: =COUNTA('Transaction Detail'!K2:K1000)-COUNTIF('Transaction Detail'!K2:K1000,"Matched") -> 142 | J10: =(COUNTIF('Transaction Detail'!K:K,"Matched")+COUNTIF('Transaction Detail'!K:K,"Potential Match")+COUNTIF('Transaction Detail'!K:K,"Timing Difference")+COUNTIF('Transaction Detail'!K:K,"Amount Mismatch"))/B6 -> 0.99187817 | AA10: Grand Total | AB10: 993

Sheet Exception Report
B2: AUTOMATED BANK RECONCILIATION — EXCEPTION REPORT
B3: Exception Monitoring & Transaction Investigation | AA3: Row Labels | AB3: Count of match_status
AA4: Amount Mismatch | AB4: 33
B5: TOTAL EXCEPTIONS | E5: AMOUNT MISMATCHES | H5: TIMING DIFFERENCES | K5: UNMATCHED TRANSACTIONS | AA5: Duplicate Candidate | AB5: 7
B6: =COUNTIF('Transaction Detail'!K:K,"Potential Match")+COUNTIF('Transaction Detail'!K:K,"Amount Mismatch")+COUNTIF('Transaction Detail'!K:K,"Timing Difference")+COUNTIF('Transaction Detail'!K:K,"Duplicate Candidate")+COUNTIF('Transaction Detail'!K:K,"Unmatched Bank Transaction")+COUNTIF('Transaction Detail'!K:K,"Unmatched Ledger Transaction") -> 142 | E6: =COUNTIF('Transaction Detail'!K:K,"Amount Mismatch") -> 33 | H6: =COUNTIF('Transaction Detail'!K:K,"Timing Difference") -> 28 | K6: =COUNTIF('Transaction Detail'!K:K,"Unmatched Bank Transaction")+COUNTIF('Transaction Detail'!K:K,"Unmatched Ledger Transaction") -> 9 | AA6: Potential Match | AB6: 65
AA7: Timing Difference | AB7: 28
AA8: Unmatched Bank Transaction | AB8: 8
AA9: Unmatched Ledger Transaction | AB9: 1
AA10: Grand Total | AB10: 142

Sheet Control Checks
XFD1: =LEFT(CELL("filename",A1),FIND("\dashboards\excel\",CELL("filename",A1))-1) -> #VALUE!
B2: AUTOMATED BANK RECONCILIATION — CONTROL CHECKS
B3: Data Quality, Reconciliation & Process Validation
B5: Control Check | C5: Expected | D5: Actual | E5: Status
B6: Bank Transactions | C6: 985 | D6: {=COUNTA(_xlfn.UNIQUE(_xlfn._xlws.FILTER('Transaction Detail'!A2:A10000,'Transaction Detail'!A2:A10000<>"")))} -> 985 | E6: =IF(C6=D6,"PASS","FAIL") -> PASS
B7: Ledger Transactions | C7: 985 | D7: {=COUNTA(_xlfn.UNIQUE(_xlfn._xlws.FILTER('Transaction Detail'!B2:B10000,'Transaction Detail'!B2:B10000<>"")))} -> 985 | E7: =IF(C7=D7,"PASS","FAIL") -> PASS
B8: Matched Transactions | C8: 851 | D8: =COUNTIF('Transaction Detail'!K:K,"Matched") -> 851 | E8: =IF(C8=D8,"PASS","FAIL") -> PASS
B9: Exception Records | C9: 142 | D9: =COUNTIFS('Transaction Detail'!K2:K10000,"<>Matched",'Transaction Detail'!K2:K10000,"<>") -> 142 | E9: =IF(C9=D9,"PASS","FAIL") -> PASS
B10: Reconciliation Output | C10: 993 | D10: =COUNTA('Transaction Detail'!A:A)-1 -> 993 | E10: =IF(C10=D10,"PASS","FAIL") -> PASS
B11: Status Classification | C11: 993 | D11: =COUNTA('Transaction Detail'!K:K)-1 -> 993 | E11: =IF(C11=D11,"PASS","FAIL") -> PASS
